X,Y,month,day,FFMC,DMC,DC,ISI,temp,RH,wind,rain,area
7,5,mar,fri,0.870967741935484,26.2,-1.8304767629860488,-0.8609455677111861,-1.842640146758736,0.4117243473229724,1.4986144168823812,0.0,0.0
7,4,oct,tue,0.927741935483871,35.4,0.48889091543801605,-0.5096882687663312,-0.1532782649268027,-0.6924562798204221,-1.741755636812102,0.0,0.0
7,4,oct,sat,0.927741935483871,43.7,0.5607154538443283,-0.5096882687663312,-0.7393834076031878,-0.6924562798204221,-1.518281840005586,0.0,0.0
8,6,mar,fri,0.9419354838709679,33.3,-1.8982662149650402,-0.004755901533102472,-1.8254017602094303,3.2335192833560917,-0.009833711561602487,0.2,0.0
8,6,mar,sun,0.9109677419354838,51.3,-1.7985995802102137,0.126965585571218,-1.2910117771809617,3.356206019705358,-1.238939593997441,0.0,0.0
8,6,aug,sun,0.9496774193548387,85.3,-0.24186323654980266,1.2465982259579427,0.5707339701440257,-0.9378297525189543,0.772324577261204,0.0,0.0
8,6,aug,mon,0.9496774193548387,88.9,-0.21119657970216357,-0.1145238074533696,0.8982633145808294,-1.0605164888682204,-0.5126497543762636,0.0,0.0
8,6,aug,mon,0.9393548387096775,145.4,0.24315415201417212,0.3684549785958056,-1.8771169198573467,2.5587422334351286,-1.0154657971909247,0.0,0.0
8,6,sep,tue,0.9329032258064516,129.5,0.5837154464800577,-0.44382752521417096,-0.9979592058427693,1.1478447654185688,0.772324577261204,0.0,0.0
7,5,sep,sat,0.9522580645161292,88.0,0.6079259650439832,-0.42187394403011763,0.6741642894398586,-0.26305270259799096,-0.009833711561602487,0.0,0.0
7,5,sep,sat,0.9522580645161292,88.0,0.6079259650439832,-0.42187394403011763,-0.18775503802541343,0.4117243473229724,1.7779566628905261,0.0,0.0
7,5,sep,sat,0.9561290322580644,73.2,0.6660312095974044,2.9809311394981637,0.07082076021416817,-0.385739438947257,-0.009833711561602487,0.0,0.0
6,5,aug,fri,0.5780645161290323,70.8,0.4735575870141963,-1.8049495586254831,-0.3256621304198571,1.699935078990266,1.4986144168823812,0.0,0.0
6,5,sep,mon,0.9316129032258067,126.5,0.5591014192734,-0.44382752521417096,0.415588491200277,-0.14036596624872488,-1.0154657971909247,0.0,0.0
6,5,sep,wed,0.9574193548387098,133.3,0.6119610514713041,0.039151260835004226,1.2947462052148542,-1.4285766979160186,0.2695085344465426,0.0,0.0
6,5,sep,fri,0.9625806451612904,141.2,0.6696627873819931,1.0709695764855154,0.6914026759891637,-0.017679229899458825,0.772324577261204,0.0,0.0
5,5,mar,sat,0.9419354838709679,35.8,-1.8849504297548811,-0.2681988757417436,-0.6531914748566605,-1.0605164888682204,0.772324577261204,0.0,0.0
8,5,oct,mon,0.8541935483870968,32.8,0.46911899194414364,-1.321970772576308,-0.37737729006777354,0.16635087462444026,0.49298233125305885,0.0,0.0
6,4,mar,wed,0.9096774193548389,27.9,-1.9253012940280905,-0.597502593502545,-0.5152843824622169,-0.569769543471156,-0.009833711561602487,0.0,0.0
6,4,apr,sat,0.8722580645161291,27.4,-1.8191785209895501,-0.8609455677111861,-1.6530178947163758,-0.017679229899458825,0.2695085344465426,0.0,0.0
6,4,sep,tue,0.9329032258064516,129.5,0.5837154464800577,-0.44382752521417096,-0.10156310527888623,-0.26305270259799096,-0.7361235511827796,0.0,0.0
5,4,sep,mon,0.943225806451613,78.5,0.7116276862261306,0.039151260835004226,0.03634398711555741,-0.385739438947257,-0.7361235511827796,0.0,0.0
7,4,jun,sun,0.975483870967742,96.3,-1.4039681276182276,10.33538083615606,0.36387333155236057,-0.017679229899458825,0.2695085344465426,0.0,0.0
7,4,aug,sat,0.9225806451612903,110.9,-0.04252996704014929,-0.6194561746865983,0.10529753331277893,-0.07902259807409186,0.9957983740677198,0.0,0.0
7,4,aug,sat,0.9651612903225808,139.4,0.18666294203167924,2.475998772264935,0.8293097683836074,-0.7537996479950552,0.9957983740677198,0.0,0.0
7,4,aug,sun,0.9380645161290324,142.4,0.2157155643083896,0.34650139741175223,-0.4463308362649951,0.9638146608946697,0.772324577261204,0.0,0.0
7,4,sep,fri,0.9509677419354841,117.9,0.48445232036796293,0.697758696356607,0.019105600566251726,-0.6311129116457891,0.9957983740677198,0.0,0.0
7,4,sep,mon,0.9316129032258067,126.5,0.5591014192734,-0.44382752521417096,0.08805914676347325,0.2276942427990733,-1.518281840005586,0.0,0.0
6,3,sep,sat,0.9638709677419357,145.4,0.6999259355869,-0.20233813218958338,1.949804894088461,-1.2445465933921194,-0.7361235511827796,0.0,0.0
6,3,sep,sun,0.9651612903225808,149.3,0.7289785578636108,-0.20233813218958338,0.6741642894398586,-0.324396070772624,-0.2333075083681185,0.0,0.0
6,3,sep,fri,0.975483870967742,85.1,0.5825049205518611,1.510041200166584,1.1223623397217997,-1.2445465933921194,-0.2333075083681185,0.0,0.0
6,3,sep,mon,0.9019354838709677,91.8,0.6535224416727095,-0.42187394403011763,-1.3254885502795728,2.0679952880380643,2.001430459697042,0.0,0.0
6,3,sep,fri,0.9019354838709677,69.7,0.6410136737480144,-0.7072704994228122,0.294919785355139,-0.44708280712189,-1.238939593997441,0.0,0.0
6,3,sep,sun,0.9419354838709679,75.6,0.6874171676622051,-0.2681988757417436,-0.20499342457471914,-0.324396070772624,-0.2333075083681185,0.0,0.0
6,3,sep,mon,0.943225806451613,78.5,0.7116276862261306,0.039151260835004226,0.3983501046509713,-0.7537996479950552,-0.7361235511827796,0.0,0.0
6,3,sep,tue,0.9238709677419354,80.7,0.7354346961473244,-0.597502593502545,-0.11880149182819193,1.0865013972439357,0.2695085344465426,0.0,0.0
6,3,oct,tue,0.927741935483871,35.4,0.48889091543801605,-0.5096882687663312,0.4845420373974985,-1.2445465933921194,0.2695085344465426,0.0,0.0
7,4,oct,fri,0.9200000000000002,41.5,0.5433645822068485,-0.0706166450852629,-1.308250163730267,0.9638146608946697,0.772324577261204,0.0,0.0
7,3,oct,sat,0.927741935483871,43.7,0.5607154538443283,-0.5096882687663312,-0.18775503802541343,-1.0605164888682204,-0.009833711561602487,0.0,0.0
4,4,mar,tue,0.895483870967742,25.7,-1.9382135705955172,-1.1463421231038806,-0.8255753403497149,-0.07902259807409186,-0.7361235511827796,0.0,0.0
4,4,jul,tue,0.7845161290322582,60.6,-0.7313192201838303,-1.6512744903371093,0.7603562221863858,-0.44708280712189,-0.5126497543762636,0.0,0.0
4,4,aug,sat,0.9225806451612903,96.9,0.30771553485130687,-0.02670948271715582,-0.08432471872958117,-0.14036596624872488,1.4986144168823812,0.0,0.0
4,4,aug,tue,0.9819354838709677,108.3,0.4001190140369558,1.7515305931911715,-0.39461567661707864,0.5957544518468715,0.772324577261204,0.0,0.0
4,4,sep,sat,0.9522580645161292,88.0,0.6079259650439832,-0.42187394403011763,0.12253591986208462,0.2276942427990733,-0.7361235511827796,0.0,0.0
4,4,sep,wed,0.9212903225806452,82.9,0.7576276714975895,-0.6194561746865983,-1.0324359789413802,1.8226218153395322,0.49298233125305885,0.0,0.0
5,6,sep,wed,0.975483870967742,85.1,0.5825049205518611,1.510041200166584,1.208554272468327,-1.2445465933921194,-0.009833711561602487,0.0,0.0
5,6,sep,mon,0.9316129032258067,126.5,0.5591014192734,-0.44382752521417096,-0.7221450210538823,1.577248342641,-0.2333075083681185,0.0,0.0
6,6,jul,mon,0.9741935483870969,62.3,-0.4238456344219762,0.43431572214796604,0.7086410625384694,-0.5084261752965231,-0.5126497543762636,0.0,0.0
4,4,mar,mon,0.8838709677419356,23.9,-1.9499153212347482,-1.0804813795517203,-1.22205823098374,-0.569769543471156,-1.238939593997441,0.0,0.0
4,4,mar,mon,0.889032258064516,52.2,-1.7921434419265,-0.8828991488952395,-1.3599653233781837,0.10500750644980723,0.9957983740677198,0.0,0.0
4,4,sep,thu,0.9574193548387098,137.0,0.6393996391770862,0.039151260835004226,0.32939655845374977,-1.6739501706145508,-1.518281840005586,0.0,0.0
4,3,aug,sun,0.9225806451612903,99.6,0.33596113984255327,-0.597502593502545,0.45006526429888777,-0.6311129116457891,-1.0154657971909247,0.0,0.0
4,3,aug,wed,0.9470967741935483,111.2,0.4283646190282023,0.126965585571218,0.26044301225652766,-0.14036596624872488,0.49298233125305885,0.0,0.0
4,3,aug,wed,0.9470967741935483,111.2,0.4283646190282023,0.126965585571218,0.26044301225652766,-0.14036596624872488,0.49298233125305885,0.0,0.0
4,3,aug,thu,0.9419354838709679,114.3,0.4574172413049126,-0.597502593502545,-0.2222318111240242,0.04366413827517421,-0.2333075083681185,0.0,0.0
4,3,sep,thu,0.9574193548387098,137.0,0.6393996391770862,0.039151260835004226,1.518845230355825,-1.2445465933921194,-1.0154657971909247,0.0,0.0
4,3,sep,tue,0.9238709677419354,80.7,0.7354346961473244,-0.597502593502545,-0.18775503802541343,1.1478447654185688,0.49298233125305885,0.0,0.0
4,3,oct,sun,0.9535483870967743,46.5,0.5804873773382007,-0.04866306390120917,-0.8772904999976311,0.3503809791483394,-0.7361235511827796,0.0,0.0
2,2,feb,mon,0.8425806451612905,9.3,-2.0737924745535,-1.5195530032327889,-0.8600521134483257,-0.26305270259799096,0.772324577261204,0.0,0.0
2,2,feb,fri,0.8761290322580646,13.2,-2.037476696707612,-0.8170384053430793,-1.1358662982372127,0.4117243473229724,-1.741755636812102,0.0,0.0
2,2,mar,sun,0.9109677419354838,51.3,-1.7985995802102137,0.126965585571218,-1.2737733906316564,-0.324396070772624,0.9957983740677198,0.0,0.0
2,2,mar,sun,0.9109677419354838,51.3,-1.7985995802102137,0.126965585571218,-2.308076583589983,0.9024712927200367,1.2751406200758648,0.0,0.0
2,2,aug,thu,0.9587096774193549,75.3,-0.3282140860944702,-0.29015245692579694,-0.015371172532359034,-0.569769543471156,0.49298233125305885,0.0,0.0
2,2,aug,sun,0.9225806451612903,99.6,0.33596113984255327,-0.597502593502545,0.32939655845374977,-0.6924562798204221,-0.7361235511827796,0.0,0.0
2,2,aug,mon,0.9341935483870967,103.2,0.3666277966901919,-0.7072704994228122,0.725879449087775,-0.8151430161696882,-0.5126497543762636,0.0,0.0
2,2,aug,thu,0.9419354838709679,114.3,0.4574172413049126,-0.597502593502545,-0.049847945630969795,-0.017679229899458825,0.2695085344465426,0.0,0.0
2,2,sep,fri,0.9509677419354841,117.9,0.48445232036796293,0.697758696356607,0.7086410625384694,-0.44708280712189,0.2695085344465426,0.0,0.0
2,2,sep,fri,0.9509677419354841,117.9,0.48445232036796293,0.697758696356607,0.12253591986208462,-0.6924562798204221,0.772324577261204,0.0,0.0
2,2,sep,fri,0.9509677419354841,117.9,0.48445232036796293,0.697758696356607,0.12253591986208462,-0.6924562798204221,1.2751406200758648,0.0,0.0
4,5,mar,fri,0.9419354838709679,33.3,-1.8982662149650402,-0.004755901533102472,-0.29118535732124634,-1.1218598570428533,0.2695085344465426,0.0,0.0
4,5,mar,fri,0.935483870967742,48.3,-1.8163539604904255,0.7636194399087675,-0.5325227690115223,-1.0605164888682204,2.001430459697042,0.0,0.0
4,5,sep,fri,0.975483870967742,85.1,0.5825049205518611,1.510041200166584,-0.20499342457471914,-0.44708280712189,-0.2333075083681185,0.0,0.0
5,4,mar,fri,0.9419354838709679,33.3,-1.8982662149650402,-0.004755901533102472,-0.5669995421101334,-1.1832032252174864,1.2751406200758648,0.0,0.0
5,4,aug,tue,0.9045161290322581,147.3,0.26857519650629375,-0.004755901533102472,-0.27394697077194063,-0.07902259807409186,0.2695085344465426,0.0,0.0
5,4,sep,fri,0.9625806451612904,141.2,0.6696627873819931,1.0709695764855154,1.50160684380652,-0.8764863843443212,-1.518281840005586,0.0,0.0
9,9,feb,thu,0.8451612903225807,6.8,-2.103652114115675,-0.29015245692579694,-2.1012159449983177,2.1293386562126972,-0.5126497543762636,0.0,0.0
9,9,feb,fri,0.8761290322580646,13.2,-2.037476696707612,-0.8170384053430793,-0.5497611555608279,-0.07902259807409186,-0.5126497543762636,0.0,0.0
1,3,mar,mon,0.889032258064516,52.2,-1.7921434419265,-0.8828991488952395,-1.8254017602094303,1.699935078990266,-0.5126497543762636,0.0,0.0
1,2,aug,fri,0.9212903225806452,108.0,-0.07319662388778837,0.7636194399087675,-0.7221450210538823,1.3318748699424678,-0.7361235511827796,0.0,0.0
1,2,aug,tue,0.9329032258064516,121.2,0.05511912450101716,-0.44382752521417096,0.4673036508481934,-1.5512634342652847,1.4986144168823812,0.0,0.0
1,2,aug,sun,0.9380645161290324,142.4,0.2157155643083896,0.34650139741175223,0.10529753331277893,-0.324396070772624,1.2751406200758648,0.0,0.0
1,2,aug,sun,0.9225806451612903,99.6,0.33596113984255327,-0.597502593502545,-0.17051665147610837,-0.017679229899458825,-1.0154657971909247,0.0,0.0
1,2,aug,tue,0.9819354838709677,108.3,0.4001190140369558,1.7515305931911715,-0.049847945630969795,0.4117243473229724,0.2695085344465426,0.0,0.0
1,2,aug,wed,0.9470967741935483,111.2,0.4283646190282023,0.126965585571218,-0.39461567661707864,0.16635087462444026,-1.741755636812102,0.0,0.0
1,2,aug,thu,0.9419354838709679,114.3,0.4574172413049126,-0.597502593502545,0.2259662391579169,0.04366413827517421,-0.2333075083681185,0.0,0.0
1,2,sep,thu,0.9574193548387098,137.0,0.6393996391770862,0.039151260835004226,0.45006526429888777,-1.7966369069638166,-1.741755636812102,0.0,0.0
1,2,sep,thu,0.9574193548387098,137.0,0.6393996391770862,0.039151260835004226,1.1223623397217997,-1.0605164888682204,-1.0154657971909247,0.0,0.0
1,2,sep,thu,0.9574193548387098,137.0,0.6393996391770862,0.039151260835004226,0.6052107432426365,-0.6311129116457891,-1.0154657971909247,0.0,0.0
1,2,sep,sun,0.9651612903225808,149.3,0.7289785578636108,-0.20233813218958338,1.1051239531724946,-0.5084261752965231,-0.2333075083681185,0.0,0.0
6,5,mar,sat,0.9419354838709679,35.8,-1.8849504297548811,-0.2681988757417436,-0.2567085842226356,-1.1832032252174864,0.49298233125305885,0.0,0.0
6,5,aug,sat,0.9225806451612903,96.9,0.30771553485130687,-0.02670948271715582,-0.7221450210538823,0.9024712927200367,0.9957983740677198,0.0,0.0
8,6,mar,fri,0.9419354838709679,35.8,-1.8849504297548811,-0.2681988757417436,-0.2567085842226356,-1.2445465933921194,0.772324577261204,0.0,0.0
8,6,aug,sun,0.9496774193548387,85.3,-0.24186323654980266,1.2465982259579427,0.32939655845374977,-0.7537996479950552,1.2751406200758648,0.0,0.0
8,6,aug,sun,0.9380645161290324,142.4,0.2157155643083896,0.34650139741175223,-0.11880149182819193,-0.07902259807409186,0.49298233125305885,0.0,0.0
8,6,aug,mon,0.9341935483870967,103.2,0.3666277966901919,-0.7072704994228122,0.7775946087356909,-1.3672333297413855,-0.7361235511827796,0.0,0.0
4,4,sep,sun,0.9161290322580646,90.0,0.6313294663224444,-0.9268063112633463,-0.18775503802541343,1.2091881335932018,-1.518281840005586,0.0,0.0
3,4,feb,sat,0.8412903225806454,8.0,-2.0891258029773194,-1.4097850973125217,-1.0669127520399913,0.2276942427990733,-1.238939593997441,0.0,0.0
3,4,mar,sat,0.6490322580645163,2.4,-2.1484415734589373,-1.826903139809537,-0.2567085842226356,-1.2445465933921194,0.772324577261204,0.0,0.0
3,4,aug,sun,0.9380645161290324,142.4,0.2157155643083896,0.34650139741175223,-1.256535004082351,2.6200856016097616,0.2695085344465426,0.0,0.0
3,4,aug,sun,0.9380645161290324,142.4,0.2157155643083896,0.34650139741175223,0.15701269296069537,-0.324396070772624,0.772324577261204,0.0,0.0
3,4,aug,sun,0.9380645161290324,142.4,0.2157155643083896,0.34650139741175223,0.15701269296069537,-0.324396070772624,0.772324577261204,0.0,0.0
3,4,aug,tue,0.9045161290322581,147.3,0.26857519650629375,-0.004755901533102472,-0.7738601807017985,1.3318748699424678,0.772324577261204,0.0,0.0
2,4,aug,tue,0.9819354838709677,108.3,0.4001190140369558,1.7515305931911715,0.20872785260861182,-0.26305270259799096,-0.009833711561602487,0.0,0.0
2,4,sep,sat,0.9522580645161292,121.1,0.5102768735028168,-0.09257022626931626,0.8982633145808294,-0.9378297525189543,0.2695085344465426,0.0,0.0
2,4,jan,sat,0.8180645161290323,3.7,-2.173459109308327,-1.3439243537603613,-2.3425533566885934,2.0679952880380643,-0.5126497543762636,0.0,0.0
4,5,mar,fri,0.8670967741935485,19.5,-1.9797749607969228,-1.3658779349444148,-1.0669127520399913,0.4730677154976054,1.2751406200758648,0.0,0.0
4,5,mar,thu,0.9380645161290324,30.7,-1.9111784915324672,-0.3340596192939039,-0.11880149182819193,-0.9378297525189543,-0.5126497543762636,0.0,0.0
4,5,aug,sun,0.9225806451612903,99.6,0.33596113984255327,-0.597502593502545,0.43282687774958206,-0.6924562798204221,-0.5126497543762636,0.0,0.0
4,5,sep,sat,0.9522580645161292,88.0,0.6079259650439832,-0.42187394403011763,0.2432046257072226,0.04366413827517421,-0.5126497543762636,0.0,0.0
4,5,sep,mon,0.9019354838709677,91.8,0.6535224416727095,-0.42187394403011763,-0.2567085842226356,0.7184411881961376,0.772324577261204,0.0,0.0
4,4,mar,fri,0.8670967741935485,19.5,-1.9797749607969228,-1.3658779349444148,-0.8945288865469367,-0.07902259807409186,0.9957983740677198,0.0,0.0
3,4,mar,fri,0.9419354838709679,33.3,-1.8982662149650402,-0.004755901533102472,-0.015371172532359034,-1.6126068024399176,0.2695085344465426,0.0,0.0
3,4,sep,sun,0.9161290322580646,90.0,0.6313294663224444,-0.9268063112633463,0.6741642894398586,-0.324396070772624,-0.2333075083681185,0.0,0.0
3,4,sep,mon,0.943225806451613,78.5,0.7116276862261306,0.039151260835004226,0.0018672140169460397,-0.569769543471156,-0.7361235511827796,0.0,0.0
3,4,mar,tue,0.895483870967742,25.7,-1.9382135705955172,-1.1463421231038806,-0.5325227690115223,-1.0605164888682204,2.001430459697042,0.0,0.0
3,5,mar,tue,0.895483870967742,25.7,-1.9382135705955172,-1.1463421231038806,-0.5842379286594387,-1.0605164888682204,1.2751406200758648,0.0,0.0
3,4,mar,sat,0.9419354838709679,35.8,-1.8849504297548811,-0.2681988757417436,-1.256535004082351,-0.8764863843443212,1.2751406200758648,0.0,0.0
3,4,mar,sat,0.9419354838709679,35.8,-1.8849504297548811,-0.2681988757417436,-0.6359530883073552,-1.0605164888682204,0.49298233125305885,0.0,0.0
3,4,mar,mon,0.9212903225806452,39.7,-1.86154692847642,-0.6194561746865983,-1.4289188695754054,-0.8764863843443212,-0.009833711561602487,0.0,0.0
3,4,aug,thu,0.9587096774193549,75.3,-0.3282140860944702,-0.29015245692579694,0.12253591986208462,-0.5084261752965231,-0.5126497543762636,0.0,0.0
3,4,aug,mon,0.9393548387096775,145.4,0.24315415201417212,0.3684549785958056,-1.4806340292233215,1.8226218153395322,-1.0154657971909247,0.0,0.0
3,4,aug,mon,0.9393548387096775,145.4,0.24315415201417212,0.3684549785958056,-0.30842374387055144,-0.07902259807409186,0.772324577261204,0.0,0.0
3,4,sep,sun,0.9509677419354841,124.1,0.5356979179949388,-0.1145238074533696,0.6224491297919421,-0.14036596624872488,0.772324577261204,0.0,0.0
3,4,sep,tue,0.8477419354838711,73.4,0.5001891574345144,-1.278063610208201,-0.17051665147610837,0.04366413827517421,-0.5126497543762636,0.0,0.0
3,4,sep,fri,0.975483870967742,85.1,0.5825049205518611,1.510041200166584,0.15701269296069537,0.3503809791483394,0.772324577261204,0.0,0.0
3,4,oct,sun,0.9535483870967743,46.5,0.5804873773382007,-0.04866306390120917,0.294919785355139,-1.2445465933921194,0.772324577261204,0.0,0.0
3,5,mar,mon,0.889032258064516,52.2,-1.7921434419265,-0.8828991488952395,-1.7047330543642925,0.28903761097370634,-1.0154657971909247,0.0,0.0
3,5,sep,fri,0.9651612903225808,149.3,0.7289785578636108,-0.20233813218958338,-0.29118535732124634,-0.07902259807409186,-0.5126497543762636,0.0,0.0
3,5,oct,wed,0.9380645161290324,37.9,0.5078558216464241,-0.8389919865271326,-0.5152843824622169,0.10500750644980723,-0.2333075083681185,0.0,0.0
2,5,oct,sun,0.9535483870967743,46.5,0.5804873773382007,-0.04866306390120917,-0.6014763152087441,-0.569769543471156,-1.741755636812102,0.0,0.0
4,6,feb,sat,0.6387096774193548,21.5,-1.8591258766200274,-1.8049495586254831,-0.6014763152087441,-0.26305270259799096,-0.7361235511827796,0.0,0.0
4,6,mar,mon,0.8838709677419356,23.9,-1.9499153212347482,-1.0804813795517203,-0.8428137268990203,-0.324396070772624,-0.5126497543762636,0.0,0.0
4,6,mar,sun,0.9109677419354838,51.3,-1.7985995802102137,0.126965585571218,-1.4289188695754054,0.10500750644980723,0.49298233125305885,0.0,0.0
4,6,sep,thu,0.967741935483871,80.9,0.5538558069178829,1.949112823847652,-0.2222318111240242,-0.14036596624872488,-0.5126497543762636,0.0,0.0
3,5,mar,tue,0.895483870967742,25.7,-1.9382135705955172,-1.1463421231038806,-0.6876682479552713,-0.385739438947257,-0.7361235511827796,0.0,0.0
3,5,aug,sat,0.9651612903225808,139.4,0.18666294203167924,2.475998772264935,-0.2222318111240242,0.4730677154976054,0.9957983740677198,0.0,0.0
3,6,sep,sun,0.9509677419354841,124.1,0.5356979179949388,-0.1145238074533696,-0.29118535732124634,0.8411279245454036,-1.518281840005586,0.0,0.0
3,6,sep,mon,0.9316129032258067,126.5,0.5591014192734,-0.44382752521417096,-0.5669995421101334,1.3318748699424678,-0.5126497543762636,0.0,0.0
9,9,jul,tue,0.8658064516129031,48.3,-0.9463893267600354,-1.1243885419198272,-0.1532782649268027,-0.14036596624872488,-0.7361235511827796,0.0,0.36
1,4,sep,tue,0.9329032258064516,129.5,0.5837154464800577,-0.44382752521417096,0.4845420373974985,-0.385739438947257,-1.0154657971909247,0.0,0.43
2,5,sep,mon,0.9316129032258067,126.5,0.5591014192734,-0.44382752521417096,0.5190188104961093,-0.324396070772624,-1.238939593997441,0.0,0.47
1,2,aug,wed,0.9909677419354839,99.9,-0.13977554993858354,0.9172945081971412,0.7603562221863858,-0.8151430161696882,0.2695085344465426,0.0,0.55
8,6,aug,fri,0.9212903225806452,108.0,-0.07319662388778837,0.7636194399087675,0.3983501046509713,0.4117243473229724,2.7277202993182197,0.0,0.61
1,2,jul,sat,0.9200000000000002,51.3,-1.0153893046672229,-0.0706166450852629,-0.39461567661707864,0.5344110836722384,0.772324577261204,0.0,0.71
2,5,aug,wed,0.9909677419354839,99.9,-0.13977554993858354,0.9172945081971412,0.846548154932913,-0.7537996479950552,0.772324577261204,0.0,0.77
6,5,aug,thu,0.9870967741935486,131.7,0.1245226110509367,0.3025942350436456,1.4671300707079085,-1.3672333297413855,-0.009833711561602487,0.0,0.9
5,4,mar,mon,0.9212903225806452,39.7,-1.86154692847642,-0.6194561746865983,-0.980720819293464,-0.26305270259799096,0.772324577261204,0.0,0.95
8,3,sep,tue,0.8477419354838711,73.4,0.5001891574345144,-1.278063610208201,0.9155017011301345,-0.9991731206935873,-0.2333075083681185,0.0,0.96
2,2,aug,tue,0.9819354838709677,108.3,0.4001190140369558,1.7515305931911715,-0.2567085842226356,-0.07902259807409186,1.4986144168823812,0.0,1.07
8,6,sep,thu,0.967741935483871,80.9,0.5538558069178829,1.949112823847652,0.8293097683836074,-1.1832032252174864,0.2695085344465426,0.0,1.12
6,5,jun,fri,0.9522580645161292,56.4,-0.4625824641242569,-0.42187394403011763,0.7431178356370801,-0.324396070772624,0.772324577261204,0.0,1.19
9,9,jul,sun,0.9212903225806452,68.6,-0.7777227140980209,-0.3999203628460641,1.0189320204259675,-0.9378297525189543,-1.0154657971909247,0.0,1.36
3,4,jul,sat,0.9212903225806452,51.2,-0.4997052592556093,-0.6194561746865983,0.9844552473273567,-0.07902259807409186,-1.238939593997441,0.0,1.43
5,4,sep,fri,0.975483870967742,85.1,0.5825049205518611,1.510041200166584,0.20872785260861182,0.16635087462444026,0.49298233125305885,0.0,1.46
1,5,sep,sat,0.9638709677419357,145.4,0.6999259355869,-0.20233813218958338,1.8463745747926288,-1.0605164888682204,-0.7361235511827796,0.0,1.46
7,4,aug,sun,0.9819354838709677,108.3,0.4001190140369558,1.7515305931911715,-0.42909244971569,0.16635087462444026,-1.518281840005586,0.0,1.56
2,4,sep,sat,0.9638709677419357,145.4,0.6999259355869,-0.20233813218958338,1.6739907092995743,-1.0605164888682204,-1.0154657971909247,0.0,1.61
2,2,aug,wed,0.9470967741935483,111.2,0.4283646190282023,0.126965585571218,-0.08432471872958117,0.04366413827517421,-0.2333075083681185,0.0,1.63
2,4,aug,wed,0.9470967741935483,111.2,0.4283646190282023,0.126965585571218,0.27768139880583337,-0.569769543471156,-0.009833711561602487,0.0,1.64
7,4,sep,fri,0.9509677419354841,117.9,0.48445232036796293,0.697758696356607,0.019105600566251726,-0.6311129116457891,0.9957983740677198,0.0,1.69
7,4,mar,mon,0.9212903225806452,39.7,-1.86154692847642,-0.6194561746865983,-0.48080760936360584,-0.9378297525189543,-0.5126497543762636,0.0,1.75
6,4,aug,thu,0.9870967741935486,131.7,0.1245226110509367,0.3025942350436456,0.2432046257072226,-0.20170933442335792,-0.009833711561602487,0.0,1.9
6,3,mar,sat,0.927741935483871,50.1,-1.8058627357793913,-0.2681988757417436,-0.6359530883073552,-0.8151430161696882,2.504246502511703,0.0,1.94
8,6,sep,sat,0.9522580645161292,121.1,0.5102768735028168,-0.09257022626931626,-0.18775503802541343,0.7184411881961376,-1.238939593997441,0.0,1.95
8,5,sep,sun,0.9161290322580646,90.0,0.6313294663224444,-0.9268063112633463,-0.18775503802541343,1.3932182381171008,-1.0154657971909247,0.0,2.01
6,5,mar,thu,0.8541935483870968,18.2,-1.989055659579761,-1.321970772576308,-2.3425533566885934,1.577248342641,0.2695085344465426,0.0,2.14
6,5,aug,wed,0.9470967741935483,111.2,0.4283646190282023,0.126965585571218,-0.39461567661707864,0.16635087462444026,-1.741755636812102,0.0,2.29
6,5,aug,wed,0.9974193548387098,127.1,0.09103139370417325,1.6417626872709044,0.7775946087356909,-0.6924562798204221,0.2695085344465426,0.0,2.51
6,5,mar,fri,0.935483870967742,48.3,-1.8163539604904255,0.7636194399087675,-0.7393834076031878,-1.1218598570428533,3.0070625453263644,0.0,2.53
8,6,aug,thu,0.9870967741935486,131.7,0.1245226110509367,0.3025942350436456,0.3121581719044441,0.04366413827517421,-1.0154657971909247,0.0,2.55
5,4,sep,wed,0.9574193548387098,133.3,0.6119610514713041,0.039151260835004226,0.5190188104961093,-0.569769543471156,-1.238939593997441,0.0,2.57
8,6,aug,wed,0.863225806451613,90.4,0.24880327301242133,-0.5316418499503848,-0.2567085842226356,0.3503809791483394,-0.009833711561602487,0.0,2.69
7,4,aug,sun,0.9380645161290324,142.4,0.2157155643083896,0.34650139741175223,0.20872785260861182,-0.324396070772624,0.772324577261204,0.0,2.74
4,4,sep,mon,0.9316129032258067,126.5,0.5591014192734,-0.44382752521417096,-0.20499342457471914,-0.324396070772624,-1.0154657971909247,0.0,3.07
1,4,aug,sat,0.9225806451612903,96.9,0.30771553485130687,-0.02670948271715582,-0.8083369538004096,0.5344110836722384,-1.238939593997441,0.0,3.5
1,4,aug,sat,0.9225806451612903,96.9,0.30771553485130687,-0.02670948271715582,0.2432046257072226,-0.324396070772624,0.49298233125305885,0.0,4.53
6,5,apr,thu,0.8103225806451613,9.1,-1.9882486422942969,-1.3878315161284682,-2.2563614239420664,0.5957544518468715,0.9957983740677198,0.0,4.61
2,5,aug,sun,0.9225806451612903,99.6,0.33596113984255327,-0.597502593502545,0.05358237366486249,-0.017679229899458825,-0.7361235511827796,0.0,4.69
2,5,sep,wed,0.9212903225806452,82.9,0.7576276714975895,-0.6194561746865983,-0.10156310527888623,0.04366413827517421,-1.0154657971909247,0.0,4.88
8,6,aug,tue,0.9045161290322581,147.3,0.26857519650629375,-0.004755901533102472,-0.7738601807017985,1.3318748699424678,0.772324577261204,0.0,5.23
1,3,sep,sun,0.9509677419354841,124.1,0.5356979179949388,-0.1145238074533696,0.8637865414822181,-0.7537996479950552,1.4986144168823812,0.0,5.33
8,6,oct,mon,0.8541935483870968,32.8,0.46911899194414364,-1.321970772576308,0.03634398711555741,-0.7537996479950552,-0.009833711561602487,0.0,5.44
5,4,feb,sun,0.8787096774193548,15.6,-2.016090738642811,-1.1243885419198272,-1.1186279116879074,0.5344110836722384,-1.0154657971909247,0.0,6.38
7,4,oct,mon,0.9419354838709679,48.5,0.5978382489756809,0.45626930333201937,-0.36013890351846783,0.04366413827517421,0.2695085344465426,0.0,6.83
8,6,aug,fri,0.9703225806451614,135.7,0.15639979382677235,1.3344125506941564,0.32939655845374977,-0.6311129116457891,0.49298233125305885,0.0,6.96
2,5,sep,tue,0.9329032258064516,129.5,0.5837154464800577,-0.44382752521417096,-0.2222318111240242,0.10500750644980723,-0.5126497543762636,0.0,7.04
8,6,mar,sun,0.9109677419354838,51.3,-1.7985995802102137,0.126965585571218,-1.2737733906316564,-0.324396070772624,0.9957983740677198,0.0,7.19
1,5,sep,mon,0.9316129032258067,126.5,0.5591014192734,-0.44382752521417096,0.36387333155236057,-0.14036596624872488,-1.0154657971909247,0.0,7.3
6,4,mar,sat,0.9303225806451614,41.9,-1.8502486864799215,-0.24624529455769006,-0.9634824327441583,-0.14036596624872488,-1.741755636812102,0.0,7.4
7,4,mar,sun,0.9290322580645163,44.0,-1.8381434271979586,-0.7731312429749724,-1.2737733906316564,0.9638146608946697,-0.009833711561602487,0.0,8.24
6,5,mar,fri,0.935483870967742,48.3,-1.8163539604904255,0.7636194399087675,-1.2392966175330455,-0.6924562798204221,-0.009833711561602487,0.0,8.31
2,5,aug,thu,0.9870967741935486,131.7,0.1245226110509367,0.3025942350436456,0.9155017011301345,-0.9991731206935873,-0.7361235511827796,0.0,8.68
2,2,aug,tue,0.9819354838709677,108.3,0.4001190140369558,1.7515305931911715,0.9844552473273567,-1.3672333297413855,0.2695085344465426,0.0,8.71
4,5,sep,wed,0.9574193548387098,133.3,0.6119610514713041,0.039151260835004226,0.9327400876794403,-1.1832032252174864,-0.009833711561602487,0.0,9.41
2,2,aug,tue,0.9819354838709677,108.3,0.4001190140369558,1.7515305931911715,0.9844552473273567,-1.3672333297413855,0.2695085344465426,0.0,10.01
2,5,aug,fri,0.9703225806451614,135.7,0.15639979382677235,1.3344125506941564,0.7948329952849966,-0.5084261752965231,0.772324577261204,0.0,10.02
6,5,apr,thu,0.8103225806451613,9.1,-1.9882486422942969,-1.3878315161284682,-2.2563614239420664,0.5957544518468715,0.9957983740677198,0.0,10.93
4,5,sep,thu,0.9574193548387098,137.0,0.6393996391770862,0.039151260835004226,0.45006526429888777,-1.7966369069638166,-1.741755636812102,0.0,11.06
3,4,sep,tue,0.9329032258064516,129.5,0.5837154464800577,-0.44382752521417096,-0.8600521134483257,0.9024712927200367,1.2751406200758648,0.0,11.24
2,4,sep,mon,0.5780645161290323,70.8,0.4735575870141963,-1.8049495586254831,0.6396875163412479,-0.385739438947257,-0.2333075083681185,0.0,11.32
1,5,sep,tue,0.9329032258064516,129.5,0.5837154464800577,-0.44382752521417096,0.4673036508481934,-0.6924562798204221,-1.0154657971909247,0.0,11.53
6,5,mar,sun,0.9212903225806452,37.6,-1.8732486791156506,-0.3999203628460641,-1.1186279116879074,0.5957544518468715,-0.2333075083681185,0.0,12.1
7,4,feb,sun,0.8412903225806454,8.7,-2.08145913876541,-1.5195530032327889,-1.739209827462903,1.454561606291734,-1.0154657971909247,0.0,13.05
8,6,oct,wed,0.9380645161290324,37.9,0.5078558216464241,-0.8389919865271326,0.2259662391579169,-0.44708280712189,-0.7361235511827796,0.0,13.7
5,6,mar,sat,0.927741935483871,50.1,-1.8058627357793913,-0.2681988757417436,-0.6531914748566605,1.2091881335932018,-0.009833711561602487,0.0,13.99
4,5,sep,thu,0.9574193548387098,137.0,0.6393996391770862,0.039151260835004226,0.5534955835947206,-0.6311129116457891,-1.238939593997441,0.0,14.57
2,2,aug,sat,0.9651612903225808,139.4,0.18666294203167924,2.475998772264935,0.6914026759891637,-0.8151430161696882,1.7779566628905261,0.0,15.45
7,5,sep,tue,0.9329032258064516,129.5,0.5837154464800577,-0.44382752521417096,0.3121581719044441,-0.44708280712189,-1.0154657971909247,0.0,17.2
6,5,sep,fri,0.9509677419354841,117.9,0.48445232036796293,0.697758696356607,0.12253591986208462,-0.6924562798204221,1.2751406200758648,0.0,19.23
8,3,sep,thu,0.967741935483871,80.9,0.5538558069178829,1.949112823847652,0.7431178356370801,-1.1218598570428533,0.49298233125305885,0.0,23.41
4,4,oct,sat,0.927741935483871,43.7,0.5607154538443283,-0.5096882687663312,-0.08432471872958117,-1.1832032252174864,-0.5126497543762636,0.0,24.23
7,4,aug,sat,0.9651612903225808,139.4,0.18666294203167924,2.475998772264935,-2.3770301297872045,3.172175915181459,0.9957983740677198,0.0,26.0
7,4,sep,fri,0.975483870967742,85.1,0.5825049205518611,1.510041200166584,0.20872785260861182,0.16635087462444026,0.49298233125305885,0.0,26.13
7,3,mar,mon,0.889032258064516,52.2,-1.7921434419265,-0.8828991488952395,-1.3599653233781837,0.10500750644980723,0.9957983740677198,0.0,27.35
4,4,mar,sat,0.9419354838709679,35.8,-1.8849504297548811,-0.2681988757417436,-0.3256621304198571,-1.0605164888682204,0.49298233125305885,0.0,28.66
4,4,mar,sat,0.9419354838709679,35.8,-1.8849504297548811,-0.2681988757417436,-0.3256621304198571,-1.0605164888682204,0.49298233125305885,0.0,28.66
4,4,sep,sun,0.9509677419354841,124.1,0.5356979179949388,-0.1145238074533696,-0.3429005169691628,0.9638146608946697,-1.518281840005586,0.0,29.48
1,3,sep,mon,0.9019354838709677,91.8,0.6535224416727095,-0.42187394403011763,-1.1186279116879074,1.761278447164899,1.2751406200758648,0.0,30.32
4,5,sep,wed,0.9574193548387098,133.3,0.6119610514713041,0.039151260835004226,0.08805914676347325,-1.5512634342652847,-1.518281840005586,0.0,31.72
6,5,mar,mon,0.9212903225806452,39.7,-1.86154692847642,-0.6194561746865983,-0.6359530883073552,-1.0605164888682204,-0.5126497543762636,0.0,31.86
8,6,aug,sun,0.9225806451612903,99.6,0.33596113984255327,-0.597502593502545,-0.46356922281430074,0.9024712927200367,-0.5126497543762636,0.0,32.07
3,4,sep,fri,0.9625806451612904,141.2,0.6696627873819931,1.0709695764855154,-0.049847945630969795,0.28903761097370634,-0.2333075083681185,0.0,35.88
4,3,mar,mon,0.889032258064516,52.2,-1.7921434419265,-0.8828991488952395,-1.3599653233781837,0.10500750644980723,0.9957983740677198,0.0,36.85
2,2,jul,fri,0.8980645161290324,150.3,-0.9605121292556585,-0.4877346875822779,-0.9462440461948529,2.1293386562126972,-0.2333075083681185,0.0,37.02
7,4,sep,wed,0.9212903225806452,82.9,0.7576276714975895,-0.6194561746865983,-0.6014763152087441,0.7797845563707706,0.2695085344465426,0.0,37.71
4,4,sep,sun,0.9651612903225808,149.3,0.7289785578636108,-0.20233813218958338,0.6914026759891637,-0.324396070772624,0.49298233125305885,0.0,48.55
7,5,oct,mon,0.9419354838709679,48.5,0.5978382489756809,0.45626930333201937,-0.48080760936360584,-0.017679229899458825,-0.009833711561602487,0.0,49.37
8,6,aug,sat,0.9483870967741936,81.8,-0.2709158588265132,0.6318979528044469,0.20872785260861182,-0.6311129116457891,0.2695085344465426,0.0,58.3
4,6,sep,sun,0.9651612903225808,149.3,0.7289785578636108,-0.20233813218958338,1.6222755496516579,-1.1218598570428533,-0.5126497543762636,0.0,64.1
8,6,aug,sat,0.9483870967741936,81.8,-0.2709158588265132,0.6318979528044469,-0.42909244971569,-0.07902259807409186,-0.009833711561602487,0.0,71.3
4,4,sep,wed,0.9574193548387098,133.3,0.6119610514713041,0.039151260835004226,1.2947462052148542,-1.4285766979160186,0.2695085344465426,0.0,88.49
1,5,sep,sun,0.9651612903225808,149.3,0.7289785578636108,-0.20233813218958338,1.5360836169051306,-1.0605164888682204,-0.5126497543762636,0.0,95.18
6,4,sep,tue,0.9329032258064516,129.5,0.5837154464800577,-0.44382752521417096,-0.03260955908166472,-0.07902259807409186,-0.7361235511827796,0.0,103.39
9,4,sep,tue,0.8477419354838711,73.4,0.5001891574345144,-1.278063610208201,0.9327400876794403,-0.5084261752965231,-0.5126497543762636,0.0,105.66
4,5,sep,sat,0.9522580645161292,121.1,0.5102768735028168,-0.09257022626931626,-0.20499342457471914,-1.1832032252174864,-0.5126497543762636,0.0,154.88
8,6,aug,sun,0.9380645161290324,142.4,0.2157155643083896,0.34650139741175223,0.12253591986208462,-0.20170933442335792,0.9957983740677198,0.0,196.48
2,2,sep,sat,0.9522580645161292,121.1,0.5102768735028168,-0.09257022626931626,-0.11880149182819193,0.10500750644980723,-1.238939593997441,0.0,200.94
1,2,sep,tue,0.9329032258064516,129.5,0.5837154464800577,-0.44382752521417096,-0.015371172532359034,-0.26305270259799096,-1.0154657971909247,0.0,212.88
6,5,sep,sat,0.9522580645161292,121.1,0.5102768735028168,-0.09257022626931626,1.070647180073884,-1.0605164888682204,-0.009833711561602487,0.0,1090.84
7,5,apr,sun,0.8154838709677421,3.0,-2.1791082303065763,-1.212202866656041,-0.9462440461948529,1.883965183514165,-1.238939593997441,0.0,0.0
6,3,apr,wed,0.8941935483870969,17.2,-2.0354591534939517,-1.1463421231038806,-0.6359530883073552,0.4117243473229724,-0.7361235511827796,0.0,0.0
4,4,apr,fri,0.8296774193548389,23.3,-1.866792540831937,-1.475645840864682,-0.37737729006777354,-1.4899200660906515,-0.5126497543762636,0.0,0.0
2,4,aug,sun,0.9741935483870969,122.3,0.16931207039419902,0.8514337646449812,-0.6014763152087441,1.3318748699424678,-0.009833711561602487,0.0,10.13
7,4,aug,sun,0.943225806451613,175.1,0.6163996465413573,1.0490159953014622,0.5190188104961093,1.761278447164899,2.001430459697042,1.0,0.0
2,4,aug,sun,0.943225806451613,175.1,0.6163996465413573,1.0490159953014622,0.6052107432426365,0.5957544518468715,2.001430459697042,0.0,2.87
3,4,aug,sun,0.943225806451613,175.1,0.6163996465413573,1.0490159953014622,1.3636997514120763,-0.385739438947257,1.2751406200758648,0.0,0.76
5,4,aug,sun,0.943225806451613,175.1,0.6163996465413573,1.0490159953014622,1.174077499369716,-0.324396070772624,0.772324577261204,0.0,0.09
2,4,aug,wed,0.9483870967741936,91.6,-0.1789158882835962,0.126965585571218,0.3121581719044441,1.577248342641,-1.0154657971909247,0.0,0.75
8,6,aug,wed,0.96,157.3,0.47920670801244597,0.9831552517493016,1.6912290958488794,-0.9991731206935873,-0.7361235511827796,0.0,0.0
3,4,aug,wed,0.96,157.3,0.47920670801244597,0.9831552517493016,0.4845420373974985,-0.26305270259799096,-2.0210978828202473,0.0,2.47
8,5,aug,wed,0.96,157.3,0.47920670801244597,0.9831552517493016,1.3636997514120763,-1.1832032252174864,-0.5126497543762636,0.0,0.68
8,5,aug,wed,0.96,157.3,0.47920670801244597,0.9831552517493016,0.8810249280315238,-0.5084261752965231,-0.5126497543762636,0.0,0.24
6,5,aug,wed,0.96,157.3,0.47920670801244597,0.9831552517493016,0.5534955835947206,-0.44708280712189,-0.2333075083681185,0.0,0.21
7,4,aug,thu,0.9445161290322581,109.2,0.07085596156756865,-0.22429171337363674,0.43282687774958206,-0.385739438947257,-0.7361235511827796,0.0,1.52
6,3,aug,thu,0.9406451612903226,138.1,0.29762781878300454,-0.597502593502545,0.0018672140169460397,-0.20170933442335792,-0.5126497543762636,0.0,10.34
2,5,aug,thu,0.8877419354838711,77.0,0.5925926366201635,-0.8828991488952395,0.5879723566933314,0.10500750644980723,-0.009833711561602487,0.0,0.0
8,6,aug,sat,0.9741935483870969,117.2,0.13380330983377509,0.43431572214796604,0.8637865414822181,-0.20170933442335792,-1.0154657971909247,0.0,8.02
4,3,aug,sat,0.9741935483870969,117.2,0.13380330983377509,0.43431572214796604,0.43282687774958206,-0.017679229899458825,-0.7361235511827796,0.0,0.68
3,4,aug,sat,0.943225806451613,170.9,0.5825049205518611,1.0270624141174083,0.294919785355139,0.9024712927200367,-1.741755636812102,0.0,0.0
7,4,aug,sat,0.943225806451613,170.9,0.5825049205518611,1.0270624141174083,0.8293097683836074,-0.26305270259799096,-1.238939593997441,0.0,1.38
2,4,aug,mon,0.9664516129032259,97.9,-0.023968569474472966,1.1807374824057826,1.6222755496516579,-0.7537996479950552,-0.009833711561602487,0.0,8.85
3,4,aug,fri,0.9406451612903226,112.4,0.10111910977247555,-0.02670948271715582,-1.3254885502795728,2.4360554970858623,2.001430459697042,0.0,3.3
2,4,aug,fri,0.9406451612903226,112.4,0.10111910977247555,-0.02670948271715582,0.43282687774958206,-0.14036596624872488,-0.5126497543762636,0.0,4.25
6,3,aug,fri,0.9341935483870967,141.1,0.3274874583451793,-0.42187394403011763,0.07082076021416817,-0.324396070772624,-0.2333075083681185,0.0,1.56
4,4,aug,fri,0.975483870967742,167.6,0.5506277377760259,0.8733873458290345,0.5017804239468042,0.5344110836722384,-0.5126497543762636,0.0,6.54
4,4,aug,tue,0.967741935483871,102.2,0.009522647872290489,1.2246446447738892,0.5534955835947206,0.5957544518468715,2.001430459697042,0.0,0.79
6,5,aug,tue,0.975483870967742,131.7,0.23871555694411903,3.0028847206822165,0.08805914676347325,0.6570978200215045,-0.009833711561602487,0.0,0.17
2,2,aug,tue,0.9470967741935483,152.6,0.4449084733802181,1.1587839012217291,0.8293097683836074,-1.2445465933921194,-0.5126497543762636,0.0,0.0
3,4,aug,tue,0.9470967741935483,152.6,0.4449084733802181,1.1587839012217291,0.36387333155236057,-0.7537996479950552,-0.5126497543762636,0.0,0.0
4,4,aug,tue,0.9470967741935483,152.6,0.4449084733802181,1.1587839012217291,0.03634398711555741,0.5344110836722384,-0.7361235511827796,0.0,4.4
2,2,aug,tue,0.9470967741935483,152.6,0.4449084733802181,1.1587839012217291,0.5017804239468042,0.7184411881961376,-0.5126497543762636,0.0,0.52
8,6,aug,tue,0.9470967741935483,152.6,0.4449084733802181,1.1587839012217291,0.20872785260861182,0.8411279245454036,0.2695085344465426,0.0,9.27
2,5,aug,tue,0.9470967741935483,152.6,0.4449084733802181,1.1587839012217291,0.2259662391579169,0.16635087462444026,-0.009833711561602487,0.0,3.09
4,6,dec,sun,0.8477419354838711,27.2,-0.7845823610244664,-0.4877346875822779,-2.428745289435121,0.7797845563707706,2.504246502511703,0.0,8.98
8,6,dec,wed,0.8425806451612905,27.8,-0.7801437659544133,-0.8170384053430793,-2.3770301297872045,1.0251580290693028,2.2249042565035584,0.0,11.19
4,6,dec,thu,0.8503225806451613,26.4,-0.7906349906654477,-1.5415065844168423,-2.3770301297872045,1.0251580290693028,0.49298233125305885,0.0,5.38
4,4,dec,mon,0.8606451612903228,25.4,-0.799915689448286,-1.4097850973125217,-2.463222062533732,-1.4285766979160186,2.504246502511703,0.0,17.85
3,4,dec,mon,0.8606451612903228,25.4,-0.799915689448286,-1.4097850973125217,-2.463222062533732,-1.4285766979160186,2.504246502511703,0.0,10.73
4,4,dec,mon,0.8606451612903228,25.4,-0.799915689448286,-1.4097850973125217,-2.463222062533732,-1.4285766979160186,2.504246502511703,0.0,22.03
4,4,dec,mon,0.8606451612903228,25.4,-0.799915689448286,-1.4097850973125217,-2.463222062533732,-1.4285766979160186,2.504246502511703,0.0,9.77
4,6,dec,fri,0.8516129032258066,26.7,-0.7882139388090551,-1.0804813795517203,-2.8769433397170627,0.9024712927200367,0.49298233125305885,0.0,9.27
6,5,dec,tue,0.8606451612903228,25.4,-0.799915689448286,-1.4097850973125217,-2.3770301297872045,-1.2445465933921194,2.504246502511703,0.0,24.77
6,3,feb,sun,0.8541935483870968,27.5,-0.7845823610244664,-1.2341564478400942,-2.5321756087309537,0.4117243473229724,-0.009833711561602487,0.0,0.0
3,4,feb,wed,0.8800000000000001,6.6,-2.13552929689151,-1.278063610208201,-1.739209827462903,-0.569769543471156,-0.5126497543762636,0.0,1.1
5,4,feb,fri,0.8580645161290323,4.9,-2.1472310475307412,-0.597502593502545,-1.963308852603874,0.10500750644980723,2.2249042565035584,0.0,24.24
2,5,jul,sun,0.9703225806451614,169.7,-0.5493368223116567,0.7197122775406607,0.7775946087356909,-0.26305270259799096,1.2751406200758648,0.0,0.0
7,6,jul,wed,0.935483870967742,183.1,-0.444828083844045,0.7636194399087675,-1.0841511385892966,2.804115706133661,2.001430459697042,0.2,0.0
7,4,jul,sat,0.9406451612903226,104.2,-0.2947228687477068,-0.004755901533102472,0.5534955835947206,0.28903761097370634,-0.7361235511827796,0.0,0.0
7,4,jul,sat,0.9406451612903226,104.2,-0.2947228687477068,-0.004755901533102472,0.9155017011301345,-0.7537996479950552,-1.238939593997441,0.0,0.0
7,4,jul,sat,0.9406451612903226,104.2,-0.2947228687477068,-0.004755901533102472,0.9327400876794403,-0.8764863843443212,-1.238939593997441,0.0,0.0
2,5,jul,sat,0.9406451612903226,104.2,-0.2947228687477068,-0.004755901533102472,-0.03260955908166472,0.5344110836722384,-1.238939593997441,0.0,0.0
9,4,jul,sat,0.9406451612903226,104.2,-0.2947228687477068,-0.004755901533102472,1.1051239531724946,-0.324396070772624,-1.741755636812102,0.0,8.0
4,5,jul,fri,0.9406451612903226,100.2,-0.32942461202266654,-0.597502593502545,0.6914026759891637,-0.26305270259799096,-1.518281840005586,0.0,2.64
7,6,jul,tue,0.96,180.4,-0.47267018019255924,0.43431572214796604,1.3809381379613814,-0.9991731206935873,0.772324577261204,0.0,86.45
8,6,jul,tue,0.9496774193548387,88.8,-0.43191580727661805,-0.1145238074533696,-0.30842374387055144,1.3932182381171008,-0.2333075083681185,0.0,6.57
7,5,jun,sun,0.96,180.4,-0.47267018019255924,0.43431572214796604,0.5707339701440257,0.2276942427990733,-1.518281840005586,0.0,0.0
6,4,jun,sun,0.9251612903225808,89.5,-1.037582280017488,-0.5755490123184914,-0.7910985672511038,0.10500750644980723,-1.238939593997441,0.0,0.9
8,6,jun,sun,0.9251612903225808,89.5,-1.037582280017488,-0.5755490123184914,-0.6014763152087441,0.04366413827517421,-1.0154657971909247,0.0,0.0
8,6,jun,wed,0.935483870967742,147.8,-0.6889508126969607,0.8075266022768741,0.12253591986208462,-0.07902259807409186,0.49298233125305885,0.0,0.0
6,5,jun,sat,0.4477419354838709,71.0,-1.2675822063747804,-1.8927638833616969,-1.4289188695754054,2.804115706133661,-0.7361235511827796,0.0,0.0
6,5,jun,mon,0.9251612903225808,93.3,-1.0081261490980453,-0.3340596192939039,0.3121581719044441,-1.1832032252174864,0.49298233125305885,0.0,0.0
6,5,jun,mon,0.9251612903225808,93.3,-1.0081261490980453,-0.3340596192939039,0.03634398711555741,-0.324396070772624,0.772324577261204,0.0,3.52
3,6,jun,fri,0.9341935483870967,94.1,-1.274441853301226,-0.42187394403011763,0.05358237366486249,-0.385739438947257,0.2695085344465426,0.0,0.0
3,6,jun,fri,0.9341935483870967,94.1,-1.274441853301226,-0.42187394403011763,0.05358237366486249,-0.385739438947257,0.2695085344465426,0.0,0.0
6,5,may,sat,0.856774193548387,28.0,-1.7517925776532908,-1.212202866656041,-1.308250163730267,3.0494891788321925,0.49298233125305885,0.0,0.0
1,4,sep,sun,0.9148387096774193,84.1,0.6712768219529214,-0.7292240806068655,0.019105600566251726,0.4730677154976054,-1.0154657971909247,0.0,0.0
7,4,sep,sun,0.9148387096774193,84.1,0.6712768219529214,-0.7292240806068655,-0.30842374387055144,0.5344110836722384,0.772324577261204,0.0,0.41
3,4,sep,sun,0.9148387096774193,84.1,0.6712768219529214,-0.7292240806068655,0.846548154932913,-0.569769543471156,-0.2333075083681185,0.0,5.18
2,4,sep,sun,0.9509677419354841,105.8,0.848013607469578,0.19282632912337844,-0.4980459959129115,0.04366413827517421,-1.238939593997441,0.0,0.0
2,4,sep,sun,0.9509677419354841,105.8,0.848013607469578,0.19282632912337844,1.0361704069752724,-1.0605164888682204,-1.0154657971909247,0.0,0.0
7,4,sep,sun,0.9509677419354841,105.8,0.848013607469578,0.19282632912337844,1.1051239531724946,-1.0605164888682204,-0.7361235511827796,0.0,0.0
6,3,sep,sun,0.9509677419354841,105.8,0.848013607469578,0.19282632912337844,1.0189320204259675,-0.9991731206935873,-1.238939593997441,0.0,14.29
2,4,sep,sun,0.4090322580645161,46.2,0.6402066564625506,-1.8927638833616969,-1.1531046847865183,2.0679952880380643,1.2751406200758648,0.0,0.0
6,5,sep,wed,0.9535483870967743,115.4,0.9246802495886755,-0.04866306390120917,0.9327400876794403,-1.0605164888682204,0.49298233125305885,0.0,0.0
4,4,sep,wed,0.9535483870967743,115.4,0.9246802495886755,-0.04866306390120917,0.1397743064113897,-0.20170933442335792,-1.238939593997441,0.0,1.58
3,4,sep,wed,0.935483870967742,134.7,1.0876977412524405,-0.3999203628460641,-0.06708633218027547,-0.8764863843443212,-0.7361235511827796,0.0,0.0
4,5,sep,thu,0.9509677419354841,96.2,0.7725574912786766,-0.09257022626931626,-0.049847945630969795,-1.2445465933921194,0.9957983740677198,0.0,0.0
4,4,sep,thu,0.9509677419354841,96.2,0.7725574912786766,-0.09257022626931626,0.05358237366486249,-1.2445465933921194,0.49298233125305885,0.0,3.78
6,5,sep,thu,0.9561290322580644,119.0,0.9505048027235292,-0.3340596192939039,0.4673036508481934,-1.0605164888682204,-1.0154657971909247,0.0,0.0
5,4,sep,thu,0.9561290322580644,119.0,0.9505048027235292,-0.3340596192939039,0.4673036508481934,-0.9991731206935873,1.2751406200758648,0.0,4.41
6,3,sep,thu,0.9561290322580644,119.0,0.9505048027235292,-0.3340596192939039,0.0018672140169460397,-0.6311129116457891,1.7779566628905261,0.0,34.36
1,4,sep,thu,0.9561290322580644,119.0,0.9505048027235292,-0.3340596192939039,-0.36013890351846783,-0.9991731206935873,-0.009833711561602487,0.0,7.21
6,5,sep,thu,0.9561290322580644,119.0,0.9505048027235292,-0.3340596192939039,-0.36013890351846783,-0.9991731206935873,-0.009833711561602487,0.0,1.01
3,5,sep,thu,0.9290322580645163,136.9,1.1090836993172413,-0.4877346875822779,-1.0324359789413802,-0.324396070772624,-0.7361235511827796,0.0,2.18
6,5,sep,thu,0.895483870967742,53.3,0.7221189109371651,-0.7950848241590257,-0.8945288865469367,0.7184411881961376,-1.238939593997441,0.0,4.42
1,4,sep,sat,0.9483870967741936,102.3,0.8213820370492598,-0.13647738863742295,0.9155017011301345,-1.0605164888682204,-0.5126497543762636,0.0,0.0
5,4,sep,sat,0.9483870967741936,102.3,0.8213820370492598,-0.13647738863742295,0.8982633145808294,-1.0605164888682204,-0.5126497543762636,0.0,0.0
6,5,sep,sat,0.9483870967741936,102.3,0.8213820370492598,-0.13647738863742295,0.3983501046509713,-0.7537996479950552,-1.0154657971909247,0.0,0.0
6,5,sep,sat,0.9483870967741936,102.3,0.8213820370492598,-0.13647738863742295,0.1397743064113897,-0.569769543471156,-1.238939593997441,0.0,0.0
4,3,sep,sat,0.9483870967741936,102.3,0.8213820370492598,-0.13647738863742295,0.7948329952849966,-1.0605164888682204,-0.009833711561602487,0.0,3.33
3,3,sep,sat,0.9483870967741936,102.3,0.8213820370492598,-0.13647738863742295,0.9155017011301345,-1.0605164888682204,-0.5126497543762636,0.0,6.58
7,4,sep,sat,0.935483870967742,124.4,0.9981188225659159,-0.1145238074533696,0.45006526429888777,-0.9991731206935873,0.2695085344465426,0.0,15.64
4,4,sep,sat,0.935483870967742,124.4,0.9981188225659159,-0.1145238074533696,-0.30842374387055144,-0.20170933442335792,-1.0154657971909247,0.0,11.22
1,4,sep,mon,0.9470967741935483,87.7,0.6987154096587039,0.10501200438716465,-0.136039878377497,0.5957544518468715,-0.5126497543762636,0.0,2.13
2,3,sep,mon,0.9406451612903226,108.4,0.8718206173907713,-0.6194561746865983,-0.1532782649268027,0.4117243473229724,0.772324577261204,0.0,0.0
4,3,sep,mon,0.9406451612903226,108.4,0.8718206173907713,-0.6194561746865983,-1.5668259619698488,2.5587422334351286,-1.238939593997441,0.0,0.0
7,4,sep,mon,0.9406451612903226,108.4,0.8718206173907713,-0.6194561746865983,0.07082076021416817,-0.017679229899458825,-1.0154657971909247,0.0,0.0
6,3,sep,mon,0.9406451612903226,108.4,0.8718206173907713,-0.6194561746865983,0.7086410625384694,-0.6311129116457891,-1.0154657971909247,0.0,56.04
8,6,sep,mon,0.9406451612903226,108.4,0.8718206173907713,-0.6194561746865983,0.656925902890553,-0.569769543471156,-1.0154657971909247,0.0,7.48
2,4,sep,mon,0.9406451612903226,108.4,0.8718206173907713,-0.6194561746865983,0.26044301225652766,-0.20170933442335792,-1.238939593997441,0.0,1.47
2,5,sep,mon,0.9406451612903226,108.4,0.8718206173907713,-0.6194561746865983,0.07082076021416817,-0.017679229899458825,-1.0154657971909247,0.0,3.93
8,6,sep,mon,0.9445161290322581,111.7,0.8972416618828929,-0.5535954311344381,-0.5497611555608279,0.4117243473229724,-1.0154657971909247,0.0,0.0
6,3,sep,mon,0.9393548387096775,130.1,1.045732842408303,-0.3340596192939039,0.294919785355139,-0.44708280712189,-1.238939593997441,0.0,0.0
8,6,sep,mon,0.9393548387096775,130.1,1.045732842408303,-0.3340596192939039,-0.5152843824622169,0.4117243473229724,0.2695085344465426,0.0,2.18
6,3,sep,mon,0.9393548387096775,130.1,1.045732842408303,-0.3340596192939039,-1.1531046847865183,1.3318748699424678,0.49298233125305885,0.0,6.1
2,2,sep,mon,0.9393548387096775,130.1,1.045732842408303,-0.3340596192939039,-0.36013890351846783,-0.07902259807409186,-0.5126497543762636,0.0,5.83
1,4,sep,mon,0.9393548387096775,130.1,1.045732842408303,-0.3340596192939039,0.415588491200277,-0.569769543471156,-1.0154657971909247,0.0,28.19
5,4,sep,fri,0.9470967741935483,99.0,0.7963645011998699,0.126965585571218,-1.5151108023219326,1.883965183514165,-0.2333075083681185,0.0,0.0
3,4,sep,fri,0.9470967741935483,99.0,0.7963645011998699,0.126965585571218,-0.2567085842226356,0.7797845563707706,0.2695085344465426,0.0,0.0
5,4,sep,fri,0.9470967741935483,99.0,0.7963645011998699,0.126965585571218,-1.0496743654906855,1.2091881335932018,-0.2333075083681185,0.0,1.64
5,4,sep,fri,0.9470967741935483,99.0,0.7963645011998699,0.126965585571218,-1.5151108023219326,1.883965183514165,-0.2333075083681185,0.0,3.71
4,4,sep,fri,0.9470967741935483,99.0,0.7963645011998699,0.126965585571218,-0.6014763152087441,0.5344110836722384,1.2751406200758648,0.0,7.31
7,4,sep,fri,0.9470967741935483,99.0,0.7963645011998699,0.126965585571218,0.294919785355139,-0.07902259807409186,-0.2333075083681185,0.0,2.03
7,4,sep,fri,0.9470967741935483,99.0,0.7963645011998699,0.126965585571218,0.15701269296069537,0.16635087462444026,-0.7361235511827796,0.0,1.72
7,4,sep,fri,0.9470967741935483,99.0,0.7963645011998699,0.126965585571218,-0.03260955908166472,0.3503809791483394,-1.0154657971909247,0.0,5.97
4,4,sep,fri,0.9470967741935483,99.0,0.7963645011998699,0.126965585571218,0.32939655845374977,-0.569769543471156,0.49298233125305885,0.0,13.06
4,4,sep,fri,0.9470967741935483,99.0,0.7963645011998699,0.126965585571218,0.32939655845374977,-0.569769543471156,0.49298233125305885,0.0,1.26
6,3,sep,fri,0.9522580645161292,122.0,0.9755223385729191,0.2586870726755385,-0.5152843824622169,0.6570978200215045,-0.2333075083681185,0.0,0.0
6,3,sep,fri,0.9522580645161292,122.0,0.9755223385729191,0.2586870726755385,0.1397743064113897,-0.324396070772624,-0.7361235511827796,0.0,0.0
1,4,sep,fri,0.9522580645161292,122.0,0.9755223385729191,0.2586870726755385,0.3811117181016662,-0.324396070772624,-1.0154657971909247,0.0,8.12
6,5,sep,fri,0.9522580645161292,122.0,0.9755223385729191,0.2586870726755385,-0.08432471872958117,-0.14036596624872488,-1.0154657971909247,0.0,1.09
4,3,sep,fri,0.9522580645161292,122.0,0.9755223385729191,0.2586870726755385,-0.27394697077194063,0.04366413827517421,-0.009833711561602487,0.0,3.94
7,4,sep,fri,0.8967741935483873,55.2,0.743908377644698,0.5660372092522865,-0.6359530883073552,1.2091881335932018,-0.5126497543762636,0.0,0.52
4,3,sep,tue,0.9445161290322581,111.7,0.8972416618828929,-0.5535954311344381,-0.5152843824622169,0.5344110836722384,-1.0154657971909247,0.0,2.93
6,5,sep,tue,0.9445161290322581,111.7,0.8972416618828929,-0.5535954311344381,0.3811117181016662,-0.569769543471156,-0.7361235511827796,0.0,5.65
6,5,sep,tue,0.9445161290322581,111.7,0.8972416618828929,-0.5535954311344381,0.12253591986208462,0.04366413827517421,-0.5126497543762636,0.0,20.03
4,5,sep,tue,0.9341935483870967,132.3,1.0659082745449076,0.7636194399087675,-0.5152843824622169,-0.385739438947257,0.772324577261204,0.0,1.75
4,5,sep,tue,0.9341935483870967,132.3,1.0659082745449076,0.7636194399087675,-0.42909244971569,-1.0605164888682204,-0.2333075083681185,0.0,0.0
6,5,sep,sat,0.935483870967742,94.3,0.7927329234152811,-0.13647738863742295,-0.36013890351846783,0.16635087462444026,0.49298233125305885,0.0,12.64
4,5,sep,sun,0.9329032258064516,276.3,1.1183643981000795,-0.42187394403011763,-0.8772904999976311,2.0066519198634314,2.001430459697042,0.0,0.0
7,4,sep,sun,0.9329032258064516,276.3,1.1183643981000795,-0.42187394403011763,-0.8772904999976311,2.0066519198634314,2.001430459697042,0.0,11.06
3,4,jul,wed,0.9445161290322581,133.6,-0.11072292766187275,-0.22429171337363674,-0.8083369538004096,0.8411279245454036,-0.009833711561602487,0.0,0.0
4,5,aug,sun,0.9458064516129032,203.2,0.47032951787233973,-0.20233813218958338,-1.4633956426740162,1.883965183514165,-1.741755636812102,0.0,0.0
5,4,aug,thu,0.9819354838709677,222.4,0.6079259650439832,1.0709695764855154,0.2432046257072226,-0.14036596624872488,-0.7361235511827796,0.0,0.0
6,5,sep,fri,0.9238709677419354,290.0,1.2402240082051712,-0.3560132004779572,-1.4806340292233215,2.0679952880380643,-0.009833711561602487,0.0,18.3
6,5,sep,sat,0.935483870967742,94.3,0.7927329234152811,-0.13647738863742295,-0.6014763152087441,0.7797845563707706,0.49298233125305885,0.0,39.35
8,6,aug,mon,0.9470967741935483,207.0,0.5030137179336392,-0.18038455100553002,0.3811117181016662,0.5957544518468715,-1.0154657971909247,0.0,0.0
2,2,aug,sat,0.967741935483871,231.1,0.6745048910947784,-0.13647738863742295,0.5190188104961093,-0.14036596624872488,-1.0154657971909247,0.0,174.63
6,5,mar,thu,0.9316129032258067,18.9,-2.0875117684063915,-0.22429171337363674,-1.7564482140122089,0.4117243473229724,0.9957983740677198,0.0,0.0
4,5,jan,sun,0.0,1.1,-1.519371599439606,-1.9805782080979109,-2.359791743237899,3.417549387879991,-1.741755636812102,0.0,0.0
5,4,jul,wed,0.967741935483871,101.3,-0.3596877602275735,0.6318979528044469,0.07082076021416817,-0.324396070772624,1.7779566628905261,0.0,7.73
8,6,aug,thu,0.9290322580645163,194.1,0.38357515968493994,-0.4877346875822779,-0.46356922281430074,1.1478447654185688,-0.7361235511827796,0.0,16.33
8,6,aug,wed,0.9870967741935486,217.7,0.5732242217690232,1.9710664050317057,1.6050371631023521,-0.9378297525189543,-1.238939593997441,0.0,5.86
9,6,aug,thu,0.9406451612903226,248.4,0.8306627358320977,-0.597502593502545,0.27768139880583337,0.8411279245454036,-0.7361235511827796,0.0,42.87
8,4,aug,sat,0.9406451612903226,273.8,1.094153879536154,-0.29015245692579694,0.415588491200277,-0.017679229899458825,0.2695085344465426,0.0,12.18
2,4,aug,sun,0.9406451612903226,181.3,0.26252256686531233,-0.3121060381098505,0.34663494500305486,0.3503809791483394,-1.0154657971909247,0.0,16.0
3,4,sep,sun,0.9264516129032259,96.7,0.8173469506219389,0.5221300468841799,0.294919785355139,0.6570978200215045,0.772324577261204,0.0,24.59
5,5,mar,thu,0.9316129032258067,18.9,-2.0875117684063915,-0.22429171337363674,-1.256535004082351,0.2276942427990733,0.772324577261204,0.0,0.0
6,4,aug,fri,0.9819354838709677,227.0,0.6406101651052828,0.6538515339885003,0.7603562221863858,-0.6311129116457891,-0.5126497543762636,0.0,28.74
7,4,aug,fri,0.9819354838709677,227.0,0.6406101651052828,0.6538515339885003,0.7603562221863858,-0.6311129116457891,-0.5126497543762636,0.0,0.0
7,4,feb,mon,0.8516129032258066,9.5,-1.975739874369602,-1.0804813795517203,-1.963308852603874,1.638591710815633,1.2751406200758648,0.0,9.96
8,6,sep,fri,0.9341935483870967,91.3,0.7673118789231596,-0.3999203628460641,0.3121581719044441,0.10500750644980723,-0.7361235511827796,0.0,30.18
1,3,sep,sun,0.9329032258064516,276.3,1.1183643981000795,-0.42187394403011763,0.5190188104961093,-0.07902259807409186,-0.009833711561602487,0.0,70.76
2,4,mar,tue,0.9638709677419357,15.0,-2.107687200542996,0.5221300468841799,-0.6359530883073552,-1.5512634342652847,2.001430459697042,0.0,0.0
6,5,feb,mon,0.8438709677419354,4.6,-2.022546876926525,-1.4975994220487354,-2.3425533566885934,1.454561606291734,-1.238939593997441,0.0,0.0
4,5,feb,sun,0.8554838709677419,9.0,-1.9813889953678514,-1.212202866656041,-1.5151108023219326,1.0865013972439357,-1.238939593997441,0.0,51.78
4,3,sep,sun,0.9264516129032259,96.7,0.8173469506219389,0.5221300468841799,0.26044301225652766,0.6570978200215045,0.49298233125305885,0.0,3.64
5,6,aug,sun,0.9406451612903226,181.3,0.26252256686531233,-0.3121060381098505,0.9327400876794403,-0.6924562798204221,-0.2333075083681185,0.0,3.63
1,2,aug,sat,0.967741935483871,231.1,0.6745048910947784,-0.13647738863742295,1.208554272468327,-0.7537996479950552,-0.5126497543762636,0.0,0.0
9,5,jun,wed,0.9625806451612904,49.5,-1.0097401836689737,1.0929231576695688,1.5705603900037415,-0.6311129116457891,0.2695085344465426,0.0,0.0
9,5,jun,wed,0.9625806451612904,49.5,-1.0097401836689737,1.0929231576695688,1.5705603900037415,-0.6311129116457891,0.2695085344465426,0.0,8.16
3,4,sep,thu,0.9341935483870967,88.2,0.7414873257883058,-0.15843096982147628,0.6741642894398586,0.10500750644980723,-0.009833711561602487,0.0,4.95
9,9,aug,fri,0.9819354838709677,227.0,0.6406101651052828,0.6538515339885003,1.0534087935245782,-0.5084261752965231,-0.009833711561602487,0.0,0.0
8,6,aug,thu,0.9290322580645163,194.1,0.38357515968493994,-0.4877346875822779,0.415588491200277,-0.20170933442335792,-0.2333075083681185,0.0,0.0
2,4,sep,wed,0.8929032258064518,84.8,0.7148557553679876,-1.168295704287934,0.5017804239468042,-0.6311129116457891,-1.0154657971909247,0.0,6.04
2,2,aug,tue,0.9793548387096773,212.1,0.5365049352804028,0.10501200438716465,1.5533220034544357,-1.0605164888682204,-1.0154657971909247,0.0,0.0
6,5,sep,sat,0.8825806451612903,291.3,1.2616099662699722,-1.1024349607357737,-0.3256621304198571,1.3932182381171008,0.49298233125305885,0.0,3.95
4,5,feb,sat,0.8516129032258066,8.2,-1.989055659579761,-1.3439243537603613,-0.8083369538004096,0.10500750644980723,-0.009833711561602487,0.0,0.0
4,3,sep,fri,0.9238709677419354,290.0,1.2402240082051712,-0.3560132004779572,0.17425107951000046,-0.017679229899458825,-0.5126497543762636,0.0,7.8
1,4,jul,tue,0.9496774193548387,96.2,-0.3943895035025335,0.6758051151725536,0.7775946087356909,-0.8151430161696882,0.772324577261204,0.0,0.0
6,3,feb,fri,0.8438709677419354,7.3,-1.997932849719867,-1.3878315161284682,-0.7221450210538823,-0.14036596624872488,-0.7361235511827796,0.0,0.0
7,4,feb,fri,0.8503225806451613,3.2,-2.0350556448512194,-1.2561100290241478,-1.842640146758736,0.5344110836722384,3.0070625453263644,0.0,4.62
9,4,jul,mon,0.9496774193548387,92.1,-0.4270737035638328,0.17087274793932508,0.6741642894398586,-1.0605164888682204,0.2695085344465426,0.0,1.63
7,5,aug,sat,0.967741935483871,231.1,0.6745048910947784,-0.13647738863742295,1.2947462052148542,-0.6924562798204221,-0.2333075083681185,0.0,0.0
5,4,aug,sun,0.9664516129032259,235.1,0.7067855825133458,0.23673349149148512,0.8982633145808294,0.3503809791483394,-0.009833711561602487,0.0,0.0
8,6,aug,thu,0.9819354838709677,222.4,0.6079259650439832,1.0709695764855154,1.4843684572572142,-1.0605164888682204,0.49298233125305885,0.0,746.28
6,3,jul,tue,0.9548387096774196,164.1,0.11241735176897395,-0.02670948271715582,1.277507818665549,-0.324396070772624,-0.5126497543762636,0.0,7.02
6,5,mar,wed,0.9638709677419357,17.3,-2.0967924671892297,0.19282632912337844,-0.8772904999976311,-1.2445465933921194,0.9957983740677198,0.0,0.0
2,4,aug,sun,0.9458064516129032,203.2,0.47032951787233973,-0.20233813218958338,1.0361704069752724,-0.14036596624872488,0.772324577261204,0.0,2.44
2,5,aug,sun,0.9406451612903226,181.3,0.26252256686531233,-0.3121060381098505,1.0189320204259675,-0.5084261752965231,-0.009833711561602487,0.0,3.05
8,8,aug,wed,0.9419354838709679,191.4,0.35492604605096134,-0.2681988757417436,1.2602694321162433,-0.5084261752965231,0.2695085344465426,0.0,185.76
2,4,aug,wed,0.9870967741935486,217.7,0.5732242217690232,1.9710664050317057,2.0532352133842937,-1.5512634342652847,0.2695085344465426,0.0,0.0
8,6,jul,sun,0.9058064516129034,263.1,1.0005398744223086,-0.8389919865271326,1.7946594151447124,-1.0605164888682204,-0.2333075083681185,0.0,6.3
1,3,sep,sat,0.935483870967742,94.3,0.7927329234152811,-0.13647738863742295,0.5879723566933314,0.2276942427990733,-0.009833711561602487,0.0,0.72
8,6,aug,sat,0.967741935483871,231.1,0.6745048910947784,-0.13647738863742295,1.3809381379613814,-0.8151430161696882,-0.2333075083681185,0.0,4.96
2,2,aug,thu,0.9406451612903226,248.4,0.8306627358320977,-0.597502593502545,0.26044301225652766,0.7184411881961376,-1.0154657971909247,0.0,0.0
8,6,aug,thu,0.9406451612903226,248.4,0.8306627358320977,-0.597502593502545,0.26044301225652766,0.7184411881961376,-1.0154657971909247,0.0,0.0
2,4,aug,mon,0.9470967741935483,207.0,0.5030137179336392,-0.18038455100553002,1.5533220034544357,-0.6924562798204221,-1.0154657971909247,0.0,2.35
1,3,aug,thu,0.9819354838709677,222.4,0.6079259650439832,1.0709695764855154,1.2602694321162433,-0.6311129116457891,0.9957983740677198,0.0,0.0
3,4,aug,sun,0.9406451612903226,181.3,0.26252256686531233,-0.3121060381098505,0.9844552473273567,-0.017679229899458825,-0.009833711561602487,0.0,3.2
7,4,sep,thu,0.9161290322580646,287.2,1.2160134896412456,-0.4877346875822779,0.08805914676347325,0.04366413827517421,-0.2333075083681185,0.0,0.0
1,3,aug,sat,0.9470967741935483,178.0,0.23145240137494108,0.126965585571218,0.7603562221863858,-0.26305270259799096,-0.009833711561602487,0.0,6.36
8,6,aug,thu,0.9819354838709677,222.4,0.6079259650439832,1.0709695764855154,0.8637865414822181,-0.385739438947257,1.4986144168823812,0.0,0.0
2,4,aug,sun,0.9664516129032259,235.1,0.7067855825133458,0.23673349149148512,0.34663494500305486,1.3318748699424678,0.49298233125305885,0.0,15.34
1,4,aug,fri,0.927741935483871,269.8,1.062276696760319,-0.7731312429749724,0.5707339701440257,0.04366413827517421,-0.2333075083681185,0.0,0.0
2,5,jul,sat,0.9303225806451614,84.7,-0.6913718645533531,-0.751177661790919,0.846548154932913,0.4117243473229724,-1.238939593997441,0.0,0.0
8,6,aug,mon,0.9470967741935483,207.0,0.5030137179336392,-0.18038455100553002,1.3636997514120763,-0.569769543471156,-1.518281840005586,0.0,0.54
8,6,aug,sat,0.9122580645161291,253.6,0.8895749976709832,0.14891916675527134,-0.8083369538004096,1.761278447164899,-0.7361235511827796,0.0,0.0
2,5,aug,sat,0.967741935483871,231.1,0.6745048910947784,-0.13647738863742295,0.8120713818343023,0.5344110836722384,-0.009833711561602487,0.0,6.43
1,3,sep,fri,0.9341935483870967,91.3,0.7673118789231596,-0.3999203628460641,0.03634398711555741,0.10500750644980723,-1.0154657971909247,0.0,0.33
5,4,sep,fri,0.9238709677419354,290.0,1.2402240082051712,-0.3560132004779572,-0.46356922281430074,0.8411279245454036,-0.2333075083681185,0.0,0.0
8,6,aug,mon,0.9470967741935483,207.0,0.5030137179336392,-0.18038455100553002,1.1396007262711054,-0.9378297525189543,-1.238939593997441,0.0,1.23
6,5,apr,mon,0.8929032258064518,24.9,-2.043125817705861,-1.168295704287934,-1.377203709927489,1.2091881335932018,-0.5126497543762636,0.0,3.35
1,2,jul,fri,0.9290322580645163,80.9,-0.7248630819001167,1.707623430823065,-0.7049066345045767,2.0679952880380643,2.2249042565035584,0.0,0.0
2,5,sep,fri,0.9238709677419354,290.0,1.2402240082051712,-0.3560132004779572,-0.46356922281430074,0.8411279245454036,-0.2333075083681185,0.0,9.96
5,5,aug,sun,0.9716129032258065,47.9,-1.804652209851195,0.3684549785958056,-0.27394697077194063,2.19068202438733,0.2695085344465426,0.0,0.0
6,5,aug,sun,0.9458064516129032,203.2,0.47032951787233973,-0.20233813218958338,0.03634398711555741,1.577248342641,-1.0154657971909247,0.0,0.0
3,4,mar,wed,0.9638709677419357,17.3,-2.0967924671892297,0.19282632912337844,-1.7219714409135978,-0.569769543471156,2.2249042565035584,0.0,0.0
7,4,sep,wed,0.9161290322580646,284.9,1.194627531576445,0.23673349149148512,-1.4461572561247107,2.0066519198634314,-0.009833711561602487,0.0,0.0
7,4,aug,sun,0.9406451612903226,181.3,0.26252256686531233,-0.3121060381098505,0.07082076021416817,1.0251580290693028,0.49298233125305885,0.0,0.0
4,5,aug,wed,0.9870967741935486,217.7,0.5732242217690232,1.9710664050317057,0.7775946087356909,0.28903761097370634,0.772324577261204,0.0,6.43
1,4,aug,fri,0.9264516129032259,196.8,0.4114172560334542,1.5978555249027977,-1.22205823098374,2.6814289697843945,0.49298233125305885,0.0,9.71
7,4,aug,mon,0.9393548387096775,238.2,0.7370487307182526,-0.3340596192939039,-0.20499342457471914,1.270531501767835,-0.009833711561602487,0.0,0.0
4,5,aug,thu,0.9122580645161291,266.2,1.0303995139844833,-0.751177661790919,-0.2567085842226356,0.5957544518468715,-0.5126497543762636,0.0,0.0
3,4,aug,thu,0.9406451612903226,248.4,0.8306627358320977,-0.597502593502545,-0.36013890351846783,0.7184411881961376,-0.5126497543762636,0.0,0.0
3,4,jul,mon,0.9793548387096773,160.0,0.0777156084940144,1.685669849639011,-0.17051665147610837,0.2276942427990733,-0.7361235511827796,0.0,0.0
2,4,aug,thu,0.9406451612903226,248.4,0.8306627358320977,-0.597502593502545,-0.39461567661707864,0.9024712927200367,-0.7361235511827796,0.0,0.0
1,4,aug,wed,0.9419354838709679,191.4,0.35492604605096134,-0.2681988757417436,0.17425107951000046,0.3503809791483394,-0.009833711561602487,0.0,82.75
8,6,aug,sat,0.967741935483871,231.1,0.6745048910947784,-0.13647738863742295,0.0018672140169460397,1.2091881335932018,0.49298233125305885,0.0,3.32
7,4,aug,sat,0.9406451612903226,273.8,1.094153879536154,-0.29015245692579694,-0.5842379286594387,1.699935078990266,2.2249042565035584,0.0,1.94
2,5,aug,sat,0.967741935483871,231.1,0.6745048910947784,-0.13647738863742295,0.0018672140169460397,1.2091881335932018,0.49298233125305885,0.0,0.0
8,6,aug,sat,0.967741935483871,231.1,0.6745048910947784,-0.13647738863742295,0.0018672140169460397,1.2091881335932018,0.49298233125305885,0.0,0.0
1,4,sep,sun,0.9329032258064516,276.3,1.1183643981000795,-0.42187394403011763,-0.7566217941524931,1.9453085516887982,2.001430459697042,0.0,3.71
6,5,feb,tue,0.727741935483871,4.4,-2.1456170129598124,-1.5634601656008955,-2.463222062533732,2.3133687607365965,1.2751406200758648,0.0,5.39
6,4,feb,tue,0.727741935483871,4.4,-2.1456170129598124,-1.5634601656008955,-2.3770301297872045,2.0066519198634314,0.772324577261204,0.0,2.14
2,2,feb,sat,0.7845161290322582,3.6,-2.149248590744402,-1.5854137467849492,-2.463222062533732,0.9024712927200367,-1.741755636812102,0.0,6.84
6,5,mar,mon,0.8838709677419356,15.1,-2.06209072391427,-0.42187394403011763,-1.4978724157726273,0.04366413827517421,0.9957983740677198,0.0,3.18
3,4,mar,wed,0.9225806451612903,18.5,-2.0451433609195218,-0.37796678166201075,-1.3254885502795728,-0.20170933442335792,0.772324577261204,0.0,5.55
6,5,mar,thu,0.9367741935483871,20.6,-2.0354591534939517,-0.1145238074533696,-0.9634824327441583,-1.0605164888682204,-0.2333075083681185,0.0,6.61
6,3,apr,sun,0.9329032258064516,14.6,-2.107687200542996,0.7197122775406607,-0.8945288865469367,-0.6924562798204221,3.0070625453263644,0.0,61.13
5,4,apr,sun,0.9329032258064516,14.6,-2.107687200542996,0.7197122775406607,-0.2222318111240242,-1.0605164888682204,0.9957983740677198,0.0,0.0
4,3,may,fri,0.9148387096774193,25.4,-1.91359954338886,-0.7292240806068655,-0.1532782649268027,-0.26305270259799096,-0.009833711561602487,0.0,38.48
8,3,jun,mon,0.8967741935483873,96.2,-1.286950621225921,-0.9487598924473997,-0.7910985672511038,2.1293386562126972,-0.009833711561602487,0.0,1.94
9,4,jun,sat,0.9264516129032259,61.1,-1.1917225815411472,0.08305842320311131,0.967216860778051,0.3503809791483394,-0.5126497543762636,0.0,70.32
4,3,jun,thu,0.9587096774193549,103.8,-0.9330735415498763,0.39040855977985933,1.2947462052148542,-0.569769543471156,-0.7361235511827796,0.0,10.08
2,5,jun,thu,0.967741935483871,121.7,-0.7978981462346255,1.9710664050317057,0.656925902890553,-0.26305270259799096,3.0070625453263644,0.0,3.19
4,3,jul,thu,0.9651612903225808,85.3,-0.6171262742906483,0.19282632912337844,1.4326532976092978,-0.9991731206935873,-1.518281840005586,0.0,1.76
4,3,jul,sun,0.967741935483871,101.3,-0.5025298197547342,1.2465982259579427,1.2430310455669382,0.04366413827517421,-0.009833711561602487,0.0,7.36
7,4,jul,sun,0.967741935483871,101.3,-0.5025298197547342,1.2465982259579427,-0.11880149182819193,2.3133687607365965,0.2695085344465426,0.0,2.21
7,4,jul,mon,0.9096774193548389,103.9,-0.46944211105070244,-0.5755490123184914,0.6396875163412479,0.7797845563707706,0.49298233125305885,0.0,278.53
9,9,jul,thu,0.9612903225806453,114.4,0.0486629862173036,0.10501200438716465,1.949804894088461,-1.1832032252174864,0.2695085344465426,0.0,2.75
4,3,jul,thu,0.9612903225806453,114.4,0.0486629862173036,0.10501200438716465,1.949804894088461,-1.3672333297413855,0.49298233125305885,0.0,0.0
3,4,aug,sun,0.9832258064516131,130.3,0.15801382839770062,1.114876738853622,0.7775946087356909,-0.26305270259799096,0.9957983740677198,0.0,1.29
8,6,aug,sun,0.9832258064516131,130.3,0.15801382839770062,1.114876738853622,2.087711986482905,-1.0605164888682204,0.772324577261204,0.0,0.0
2,5,aug,sun,0.9832258064516131,130.3,0.15801382839770062,1.114876738853622,2.449718104018319,-1.1832032252174864,-0.009833711561602487,0.0,26.43
2,4,aug,mon,0.9845161290322582,135.5,0.1951366235290528,2.695534584105469,2.018758440285683,-0.9991731206935873,-0.2333075083681185,0.0,2.07
5,4,aug,tue,0.9858064516129033,141.3,0.23346994458860154,1.9052056614795454,0.8982633145808294,-0.07902259807409186,1.2751406200758648,0.0,2.0
5,4,aug,tue,0.9858064516129033,141.3,0.23346994458860154,1.9052056614795454,1.2947462052148542,-0.6311129116457891,-0.2333075083681185,0.0,16.4
4,4,aug,tue,0.9858064516129033,141.3,0.23346994458860154,1.9052056614795454,0.08805914676347325,1.638591710815633,2.001430459697042,0.0,46.7
4,4,aug,wed,0.9858064516129033,141.3,0.23346994458860154,1.9052056614795454,0.294919785355139,0.8411279245454036,-1.518281840005586,0.0,0.0
4,4,aug,wed,0.9858064516129033,141.3,0.23346994458860154,1.9052056614795454,1.6912290958488794,-0.6924562798204221,-0.009833711561602487,0.0,0.0
4,4,aug,thu,0.9948387096774194,152.0,0.3073120262085747,1.0490159953014622,2.3290493981731806,-1.4285766979160186,0.2695085344465426,0.0,0.0
1,3,aug,fri,0.9961290322580647,158.0,0.3456453472681234,0.5001764657001264,2.3290493981731806,-1.0605164888682204,-1.0154657971909247,0.0,0.0
1,3,aug,fri,0.9961290322580647,158.0,0.3456453472681234,0.5001764657001264,1.4843684572572142,-0.9378297525189543,0.2695085344465426,0.0,43.32
6,6,aug,sat,0.9974193548387098,164.0,0.38357515968493994,1.0929231576695688,2.0532352133842937,-0.8764863843443212,0.49298233125305885,0.0,8.59
6,6,aug,mon,1.0,175.5,0.45943478451857306,1.707623430823065,0.8637865414822181,-0.14036596624872488,-1.0154657971909247,0.0,0.0
4,5,aug,mon,1.0,175.5,0.45943478451857306,1.707623430823065,2.363526171271792,-1.1218598570428533,-0.5126497543762636,0.0,2.77
3,4,aug,tue,0.9987096774193549,181.1,0.4973645969353901,1.1587839012217291,2.311811011623875,-1.0605164888682204,-1.0154657971909247,0.0,14.68
6,5,aug,tue,0.9987096774193549,181.1,0.4973645969353901,1.1587839012217291,2.4841948771169293,-1.1218598570428533,-0.7361235511827796,0.0,40.54
7,5,aug,tue,0.9987096774193549,181.1,0.4973645969353901,1.1587839012217291,1.4498916841586034,1.1478447654185688,0.49298233125305885,6.4,10.82
8,6,aug,tue,0.9987096774193549,181.1,0.4973645969353901,1.1587839012217291,0.4673036508481934,1.270531501767835,0.49298233125305885,0.8,0.0
7,5,aug,tue,0.9987096774193549,181.1,0.4973645969353901,1.1587839012217291,0.4673036508481934,1.270531501767835,0.49298233125305885,0.8,0.0
4,4,aug,tue,0.9987096774193549,181.1,0.4973645969353901,1.1587839012217291,0.3121581719044441,1.5159049744663669,0.49298233125305885,0.4,0.0
2,4,aug,wed,0.9780645161290322,139.4,0.5695926439844344,2.4101380287127743,1.7774210285954066,-0.8764863843443212,0.49298233125305885,0.0,1.95
4,3,aug,wed,0.9780645161290322,139.4,0.5695926439844344,2.4101380287127743,1.7257058689474902,-0.9378297525189543,0.49298233125305885,0.0,49.59
1,2,aug,thu,0.9329032258064516,163.2,0.7927329234152811,0.23673349149148512,1.3464613648627706,-0.569769543471156,-1.238939593997441,0.0,5.8
1,2,aug,fri,0.9329032258064516,166.9,0.8258206321193129,-0.42187394403011763,-0.06708633218027547,1.761278447164899,2.504246502511703,0.0,0.0
2,4,aug,fri,0.9329032258064516,166.9,0.8258206321193129,-0.42187394403011763,1.208554272468327,-0.20170933442335792,-0.2333075083681185,0.0,0.0
1,2,aug,fri,0.9329032258064516,166.9,0.8258206321193129,-0.42187394403011763,1.208554272468327,-0.20170933442335792,-0.2333075083681185,0.0,0.0
5,4,aug,fri,0.9329032258064516,166.9,0.8258206321193129,-0.42187394403011763,0.3811117181016662,1.638591710815633,2.001430459697042,1.4,2.17
6,5,aug,fri,0.9329032258064516,166.9,0.8258206321193129,-0.42187394403011763,-0.11880149182819193,1.0865013972439357,0.772324577261204,0.0,0.43
8,6,aug,sun,0.8116129032258064,56.7,0.47476811294239285,-1.5634601656008955,1.5360836169051306,-0.569769543471156,-0.7361235511827796,0.0,0.0
4,3,aug,sun,0.8116129032258064,56.7,0.47476811294239285,-1.5634601656008955,1.5360836169051306,-0.7537996479950552,-0.7361235511827796,0.0,6.44
2,4,aug,sun,0.8116129032258064,56.7,0.47476811294239285,-1.5634601656008955,0.5190188104961093,1.638591710815633,0.9957983740677198,0.0,54.29
7,4,aug,sun,0.8116129032258064,56.7,0.47476811294239285,-1.5634601656008955,0.3983501046509713,1.577248342641,1.4986144168823812,0.0,11.16
1,4,aug,sat,0.9767741935483873,146.0,0.2693822137917581,0.5001764657001264,1.1568391128204112,-0.14036596624872488,-0.009833711561602487,0.0,0.0
6,3,nov,tue,0.7845161290322582,3.0,-1.7804416912872696,-1.7390888150733232,-1.22205823098374,-0.8151430161696882,0.2695085344465426,0.0,0.0
